{
	"start":	{
		"connected":	[{
				"socket":	5,
				"local_host":	"127.0.0.1",
				"local_port":	60726,
				"remote_host":	"127.0.0.1",
				"remote_port":	25001
			}],
		"version":	"iperf 3.9",
		"system_info":	"Linux (none) 6.13.7+ #4 Sun Apr 19 22:29:55 UTC 2026 x86_64",
		"timestamp":	{
			"time":	"Sun, 19 Apr 2026 22:42:57 GMT",
			"timesecs":	1776638577
		},
		"connecting_to":	{
			"host":	"127.0.0.1",
			"port":	25001
		},
		"cookie":	"q37w3xa4rnmdbcut3m7ooyp7af5uxgbzhuxw",
		"tcp_mss_default":	32741,
		"sock_bufsize":	0,
		"sndbuf_actual":	16384,
		"rcvbuf_actual":	131072,
		"test_start":	{
			"protocol":	"TCP",
			"num_streams":	1,
			"blksize":	131072,
			"omit":	0,
			"duration":	30,
			"bytes":	0,
			"blocks":	0,
			"reverse":	0,
			"tos":	0
		}
	},
	"intervals":	[{
			"streams":	[{
					"socket":	5,
					"start":	0,
					"end":	1.004043,
					"seconds":	1.0040429830551147,
					"bytes":	7864320,
					"bits_per_second":	62661221.742283158,
					"retransmits":	1,
					"snd_cwnd":	523864,
					"rtt":	116619,
					"rttvar":	13811,
					"pmtu":	65535,
					"omitted":	false,
					"sender":	true
				}],
			"sum":	{
				"start":	0,
				"end":	1.004043,
				"seconds":	1.0040429830551147,
				"bytes":	7864320,
				"bits_per_second":	62661221.742283158,
				"retransmits":	1,
				"omitted":	false,
				"sender":	true
			}
		}, {
			"streams":	[{
					"socket":	5,
					"start":	1.004043,
					"end":	2.004041,
					"seconds":	0.99999797344207764,
					"bytes":	5242880,
					"bits_per_second":	41943125.000172257,
					"retransmits":	0,
					"snd_cwnd":	458381,
					"rtt":	121312,
					"rttvar":	9804,
					"pmtu":	65535,
					"omitted":	false,
					"sender":	true
				}],
			"sum":	{
				"start":	1.004043,
				"end":	2.004041,
				"seconds":	0.99999797344207764,
				"bytes":	5242880,
				"bits_per_second":	41943125.000172257,
				"retransmits":	0,
				"omitted":	false,
				"sender":	true
			}
		}, {
			"streams":	[{
					"socket":	5,
					"start":	2.004041,
					"end":	3.004004,
					"seconds":	0.99996298551559448,
					"bytes":	5242880,
					"bits_per_second":	41944592.5574671,
					"retransmits":	0,
					"snd_cwnd":	392898,
					"rtt":	102058,
					"rttvar":	8469,
					"pmtu":	65535,
					"omitted":	false,
					"sender":	true
				}],
			"sum":	{
				"start":	2.004041,
				"end":	3.004004,
				"seconds":	0.99996298551559448,
				"bytes":	5242880,
				"bits_per_second":	41944592.5574671,
				"retransmits":	0,
				"omitted":	false,
				"sender":	true
			}
		}, {
			"streams":	[{
					"socket":	5,
					"start":	3.004004,
					"end":	4.00409,
					"seconds":	1.0000859498977661,
					"bytes":	5242880,
					"bits_per_second":	41939435.309822753,
					"retransmits":	0,
					"snd_cwnd":	458381,
					"rtt":	101095,
					"rttvar":	7321,
					"pmtu":	65535,
					"omitted":	false,
					"sender":	true
				}],
			"sum":	{
				"start":	3.004004,
				"end":	4.00409,
				"seconds":	1.0000859498977661,
				"bytes":	5242880,
				"bits_per_second":	41939435.309822753,
				"retransmits":	0,
				"omitted":	false,
				"sender":	true
			}
		}, {
			"streams":	[{
					"socket":	5,
					"start":	4.00409,
					"end":	5.00401,
					"seconds":	0.99992001056671143,
					"bytes":	3932160,
					"bits_per_second":	31459796.451289512,
					"retransmits":	0,
					"snd_cwnd":	261932,
					"rtt":	109314,
					"rttvar":	11062,
					"pmtu":	65535,
					"omitted":	false,
					"sender":	true
				}],
			"sum":	{
				"start":	4.00409,
				"end":	5.00401,
				"seconds":	0.99992001056671143,
				"bytes":	3932160,
				"bits_per_second":	31459796.451289512,
				"retransmits":	0,
				"omitted":	false,
				"sender":	true
			}
		}, {
			"streams":	[{
					"socket":	5,
					"start":	5.00401,
					"end":	6.004012,
					"seconds":	1.0000020265579224,
					"bytes":	5242880,
					"bits_per_second":	41942955.000172257,
					"retransmits":	0,
					"snd_cwnd":	589347,
					"rtt":	107928,
					"rttvar":	19514,
					"pmtu":	65535,
					"omitted":	false,
					"sender":	true
				}],
			"sum":	{
				"start":	5.00401,
				"end":	6.004012,
				"seconds":	1.0000020265579224,
				"bytes":	5242880,
				"bits_per_second":	41942955.000172257,
				"retransmits":	0,
				"omitted":	false,
				"sender":	true
			}
		}, {
			"streams":	[{
					"socket":	5,
					"start":	6.004012,
					"end":	7.004008,
					"seconds":	0.9999960064888,
					"bytes":	5242880,
					"bits_per_second":	41943207.500668913,
					"retransmits":	0,
					"snd_cwnd":	720313,
					"rtt":	123839,
					"rttvar":	21011,
					"pmtu":	65535,
					"omitted":	false,
					"sender":	true
				}],
			"sum":	{
				"start":	6.004012,
				"end":	7.004008,
				"seconds":	0.9999960064888,
				"bytes":	5242880,
				"bits_per_second":	41943207.500668913,
				"retransmits":	0,
				"omitted":	false,
				"sender":	true
			}
		}, {
			"streams":	[{
					"socket":	5,
					"start":	7.004008,
					"end":	8.004045,
					"seconds":	1.0000369548797607,
					"bytes":	5242880,
					"bits_per_second":	41941490.057277948,
					"retransmits":	0,
					"snd_cwnd":	654830,
					"rtt":	101762,
					"rttvar":	7981,
					"pmtu":	65535,
					"omitted":	false,
					"sender":	true
				}],
			"sum":	{
				"start":	7.004008,
				"end":	8.004045,
				"seconds":	1.0000369548797607,
				"bytes":	5242880,
				"bits_per_second":	41941490.057277948,
				"retransmits":	0,
				"omitted":	false,
				"sender":	true
			}
		}, {
			"streams":	[{
					"socket":	5,
					"start":	8.004045,
					"end":	9.004017,
					"seconds":	0.99997198581695557,
					"bytes":	5242880,
					"bits_per_second":	41944215.0329176,
					"retransmits":	0,
					"snd_cwnd":	523864,
					"rtt":	94781,
					"rttvar":	16950,
					"pmtu":	65535,
					"omitted":	false,
					"sender":	true
				}],
			"sum":	{
				"start":	8.004045,
				"end":	9.004017,
				"seconds":	0.99997198581695557,
				"bytes":	5242880,
				"bits_per_second":	41944215.0329176,
				"retransmits":	0,
				"omitted":	false,
				"sender":	true
			}
		}, {
			"streams":	[{
					"socket":	5,
					"start":	9.004017,
					"end":	10.00403,
					"seconds":	1.000012993812561,
					"bytes":	3932160,
					"bits_per_second":	31456871.25531115,
					"retransmits":	0,
					"snd_cwnd":	654830,
					"rtt":	95158,
					"rttvar":	12671,
					"pmtu":	65535,
					"omitted":	false,
					"sender":	true
				}],
			"sum":	{
				"start":	9.004017,
				"end":	10.00403,
				"seconds":	1.000012993812561,
				"bytes":	3932160,
				"bits_per_second":	31456871.25531115,
				"retransmits":	0,
				"omitted":	false,
				"sender":	true
			}
		}, {
			"streams":	[{
					"socket":	5,
					"start":	10.00403,
					"end":	11.004018,
					"seconds":	0.9999880194664,
					"bytes":	5242880,
					"bits_per_second":	41943542.5060203,
					"retransmits":	0,
					"snd_cwnd":	654830,
					"rtt":	121025,
					"rttvar":	18466,
					"pmtu":	65535,
					"omitted":	false,
					"sender":	true
				}],
			"sum":	{
				"start":	10.00403,
				"end":	11.004018,
				"seconds":	0.9999880194664,
				"bytes":	5242880,
				"bits_per_second":	41943542.5060203,
				"retransmits":	0,
				"omitted":	false,
				"sender":	true
			}
		}, {
			"streams":	[{
					"socket":	5,
					"start":	11.004018,
					"end":	12.004007,
					"seconds":	0.99998897314071655,
					"bytes":	5242880,
					"bits_per_second":	41943502.505099982,
					"retransmits":	0,
					"snd_cwnd":	720313,
					"rtt":	164154,
					"rttvar":	10691,
					"pmtu":	65535,
					"omitted":	false,
					"sender":	true
				}],
			"sum":	{
				"start":	11.004018,
				"end":	12.004007,
				"seconds":	0.99998897314071655,
				"bytes":	5242880,
				"bits_per_second":	41943502.505099982,
				"retransmits":	0,
				"omitted":	false,
				"sender":	true
			}
		}, {
			"streams":	[{
					"socket":	5,
					"start":	12.004007,
					"end":	13.004092,
					"seconds":	1.00008499622345,
					"bytes":	5242880,
					"bits_per_second":	41939475.302985787,
					"retransmits":	0,
					"snd_cwnd":	916762,
					"rtt":	170838,
					"rttvar":	25834,
					"pmtu":	65535,
					"omitted":	false,