{
	"start":	{
		"connected":	[{
				"socket":	5,
				"local_host":	"127.0.0.1",
				"local_port":	47658,
				"remote_host":	"127.0.0.1",
				"remote_port":	25001
			}],
		"version":	"iperf 3.9",
		"system_info":	"Linux (none) 6.13.7+ #4 Sun Apr 19 22:29:55 UTC 2026 x86_64",
		"timestamp":	{
			"time":	"Sun, 19 Apr 2026 22:43:42 GMT",
			"timesecs":	1776638622
		},
		"connecting_to":	{
			"host":	"127.0.0.1",
			"port":	25001
		},
		"cookie":	"gdk5u5u3y7a42dbfly5avgu5xh7wsfyi2hj4",
		"tcp_mss_default":	32741,
		"sock_bufsize":	0,
		"sndbuf_actual":	16384,
		"rcvbuf_actual":	131072,
		"test_start":	{
			"protocol":	"TCP",
			"num_streams":	1,
			"blksize":	131072,
			"omit":	0,
			"duration":	30,
			"bytes":	0,
			"blocks":	0,
			"reverse":	0,
			"tos":	0
		}
	},
	"intervals":	[{
			"streams":	[{
					"socket":	5,
					"start":	0,
					"end":	1.003997,
					"seconds":	1.0039969682693481,
					"bytes":	10485760,
					"bits_per_second":	83552124.8083046,
					"retransmits":	0,
					"snd_cwnd":	916762,
					"rtt":	138774,
					"rttvar":	7661,
					"pmtu":	65535,
					"omitted":	false,
					"sender":	true
				}],
			"sum":	{
				"start":	0,
				"end":	1.003997,
				"seconds":	1.0039969682693481,
				"bytes":	10485760,
				"bits_per_second":	83552124.8083046,
				"retransmits":	0,
				"omitted":	false,
				"sender":	true
			}
		}, {
			"streams":	[{
					"socket":	5,
					"start":	1.003997,
					"end":	2.003997,
					"seconds":	1,
					"bytes":	6553600,
					"bits_per_second":	52428800,
					"retransmits":	0,
					"snd_cwnd":	1178694,
					"rtt":	138153,
					"rttvar":	2155,
					"pmtu":	65535,
					"omitted":	false,
					"sender":	true
				}],
			"sum":	{
				"start":	1.003997,
				"end":	2.003997,
				"seconds":	1,
				"bytes":	6553600,
				"bits_per_second":	52428800,
				"retransmits":	0,
				"omitted":	false,
				"sender":	true
			}
		}, {
			"streams":	[{
					"socket":	5,
					"start":	2.003997,
					"end":	3.004051,
					"seconds":	1.0000540018081665,
					"bytes":	7864320,
					"bits_per_second":	62911162.683461234,
					"retransmits":	0,
					"snd_cwnd":	1113211,
					"rtt":	143715,
					"rttvar":	13712,
					"pmtu":	65535,
					"omitted":	false,
					"sender":	true
				}],
			"sum":	{
				"start":	2.003997,
				"end":	3.004051,
				"seconds":	1.0000540018081665,
				"bytes":	7864320,
				"bits_per_second":	62911162.683461234,
				"retransmits":	0,
				"omitted":	false,
				"sender":	true
			}
		}, {
			"streams":	[{
					"socket":	5,
					"start":	3.004051,
					"end":	4.003994,
					"seconds":	0.99994301795959473,
					"bytes":	7864320,
					"bits_per_second":	62918145.204292253,
					"retransmits":	0,
					"snd_cwnd":	654830,
					"rtt":	160979,
					"rttvar":	7094,
					"pmtu":	65535,
					"omitted":	false,
					"sender":	true
				}],
			"sum":	{
				"start":	3.004051,
				"end":	4.003994,
				"seconds":	0.99994301795959473,
				"bytes":	7864320,
				"bits_per_second":	62918145.204292253,
				"retransmits":	0,
				"omitted":	false,
				"sender":	true
			}
		}, {
			"streams":	[{
					"socket":	5,
					"start":	4.003994,
					"end":	5.000087,
					"seconds":	0.996092975139618,
					"bytes":	7864320,
					"bits_per_second":	63161332.897846758,
					"retransmits":	0,
					"snd_cwnd":	785796,
					"rtt":	126149,
					"rttvar":	10643,
					"pmtu":	65535,
					"omitted":	false,
					"sender":	true
				}],
			"sum":	{
				"start":	4.003994,
				"end":	5.000087,
				"seconds":	0.996092975139618,
				"bytes":	7864320,
				"bits_per_second":	63161332.897846758,
				"retransmits":	0,
				"omitted":	false,
				"sender":	true
			}
		}, {
			"streams":	[{
					"socket":	5,
					"start":	5.000087,
					"end":	6.004036,
					"seconds":	1.0039490461349487,
					"bytes":	6553600,
					"bits_per_second":	52222570.659181274,
					"retransmits":	0,
					"snd_cwnd":	589347,
					"rtt":	89525,
					"rttvar":	7949,
					"pmtu":	65535,
					"omitted":	false,
					"sender":	true
				}],
			"sum":	{
				"start":	5.000087,
				"end":	6.004036,
				"seconds":	1.0039490461349487,
				"bytes":	6553600,
				"bits_per_second":	52222570.659181274,
				"retransmits":	0,
				"omitted":	false,
				"sender":	true
			}
		}, {
			"streams":	[{
					"socket":	5,
					"start":	6.004036,
					"end":	7.003997,
					"seconds":	0.999961018562317,
					"bytes":	7864320,
					"bits_per_second":	62917012.5956057,
					"retransmits":	0,
					"snd_cwnd":	654830,
					"rtt":	63613,
					"rttvar":	13278,
					"pmtu":	65535,
					"omitted":	false,
					"sender":	true
				}],
			"sum":	{
				"start":	6.004036,
				"end":	7.003997,
				"seconds":	0.999961018562317,
				"bytes":	7864320,
				"bits_per_second":	62917012.5956057,
				"retransmits":	0,
				"omitted":	false,
				"sender":	true
			}
		}, {
			"streams":	[{
					"socket":	5,
					"start":	7.003997,
					"end":	8.004156,
					"seconds":	1.0001590251922607,
					"bytes":	7864320,
					"bits_per_second":	62904556.590794072,
					"retransmits":	0,
					"snd_cwnd":	851279,
					"rtt":	57711,
					"rttvar":	2574,
					"pmtu":	65535,
					"omitted":	false,
					"sender":	true
				}],
			"sum":	{
				"start":	7.003997,
				"end":	8.004156,
				"seconds":	1.0001590251922607,
				"bytes":	7864320,
				"bits_per_second":	62904556.590794072,
				"retransmits":	0,
				"omitted":	false,
				"sender":	true
			}
		}, {
			"streams":	[{
					"socket":	5,
					"start":	8.004156,
					"end":	9.00403,
					"seconds":	0.99987399578094482,
					"bytes":	6553600,
					"bits_per_second":	52435407.082520276,
					"retransmits":	0,
					"snd_cwnd":	785796,
					"rtt":	96699,
					"rttvar":	12112,
					"pmtu":	65535,
					"omitted":	false,
					"sender":	true
				}],
			"sum":	{
				"start":	8.004156,
				"end":	9.00403,
				"seconds":	0.99987399578094482,
				"bytes":	6553600,
				"bits_per_second":	52435407.082520276,
				"retransmits":	0,
				"omitted":	false,
				"sender":	true
			}
		}, {
			"streams":	[{
					"socket":	5,
					"start":	9.00403,
					"end":	10.003999,
					"seconds":	0.9999690055847168,
					"bytes":	7864320,
					"bits_per_second":	62916510.06044098,
					"retransmits":	0,
					"snd_cwnd":	720313,
					"rtt":	102373,
					"rttvar":	6651,
					"pmtu":	65535,
					"omitted":	false,
					"sender":	true
				}],
			"sum":	{
				"start":	9.00403,
				"end":	10.003999,
				"seconds":	0.9999690055847168,
				"bytes":	7864320,
				"bits_per_second":	62916510.06044098,
				"retransmits":	0,
				"omitted":	false,
				"sender":	true
			}
		}, {
			"streams":	[{
					"socket":	5,
					"start":	10.003999,
					"end":	11.004035,
					"seconds":	1.0000360012054443,
					"bytes":	7864320,
					"bits_per_second":	62912295.0815398,
					"retransmits":	0,
					"snd_cwnd":	785796,
					"rtt":	82685,
					"rttvar":	7001,
					"pmtu":	65535,
					"omitted":	false,
					"sender":	true
				}],
			"sum":	{
				"start":	10.003999,
				"end":	11.004035,
				"seconds":	1.0000360012054443,
				"bytes":	7864320,
				"bits_per_second":	62912295.0815398,
				"retransmits":	0,
				"omitted":	false,
				"sender":	true
			}
		}, {
			"streams":	[{
					"socket":	5,
					"start":	11.004035,
					"end":	12.00401,
					"seconds":	0.999975025653839,
					"bytes":	6553600,
					"bits_per_second":	52430109.4077016,
					"retransmits":	0,
					"snd_cwnd":	982245,
					"rtt":	89773,
					"rttvar":	35225,
					"pmtu":	65535,
					"omitted":	false,
					"sender":	true
				}],
			"sum":	{
				"start":	11.004035,
				"end":	12.00401,
				"seconds":	0.999975025653839,
				"bytes":	6553600,
				"bits_per_second":	52430109.4077016,
				"retransmits":	0,
				"omitted":	false,
				"sender":	true
			}
		}, {
			"streams":	[{
					"socket":	5,
					"start":	12.00401,
					"end":	13.003997,
					"seconds":	0.999987006187439,
					"bytes":	7864320,
					"bits_per_second":	62915377.510622583,
					"retransmits":	0,
					"snd_cwnd":	916762,
					"rtt":	114735,
					"rttvar":	24802,
					"pmtu":	65535,
					"omitted":	false,
					"sender":	true
				}],
			"sum":	{
				"start":	12.00401,