{
	"start":	{
		"connected":	[{
				"socket":	5,
				"local_host":	"127.0.0.1",
				"local_port":	47090,
				"remote_host":	"127.0.0.1",
				"remote_port":	25001
			}],
		"version":	"iperf 3.9",
		"system_info":	"Linux (none) 6.13.7+ #4 Sun Apr 19 22:29:55 UTC 2026 x86_64",
		"timestamp":	{
			"time":	"Sun, 19 Apr 2026 22:41:42 GMT",
			"timesecs":	1776638502
		},
		"connecting_to":	{
			"host":	"127.0.0.1",
			"port":	25001
		},
		"cookie":	"otuyliqblfhyzk5bbfvupaurlxqc3c3oh73a",
		"tcp_mss_default":	32741,
		"sock_bufsize":	0,
		"sndbuf_actual":	16384,
		"rcvbuf_actual":	131072,
		"test_start":	{
			"protocol":	"TCP",
			"num_streams":	1,
			"blksize":	131072,
			"omit":	0,
			"duration":	30,
			"bytes":	0,
			"blocks":	0,
			"reverse":	0,
			"tos":	0
		}
	},
	"intervals":	[{
			"streams":	[{
					"socket":	5,
					"start":	0,
					"end":	1.004005,
					"seconds":	1.004004955291748,
					"bytes":	6553600,
					"bits_per_second":	52219662.585992932,
					"retransmits":	1,
					"snd_cwnd":	916762,
					"rtt":	133066,
					"rttvar":	20506,
					"pmtu":	65535,
					"omitted":	false,
					"sender":	true
				}],
			"sum":	{
				"start":	0,
				"end":	1.004005,
				"seconds":	1.004004955291748,
				"bytes":	6553600,
				"bits_per_second":	52219662.585992932,
				"retransmits":	1,
				"omitted":	false,
				"sender":	true
			}
		}, {
			"streams":	[{
					"socket":	5,
					"start":	1.004005,
					"end":	2.004004,
					"seconds":	0.99999898672103882,
					"bytes":	3932160,
					"bits_per_second":	31457311.8750323,
					"retransmits":	0,
					"snd_cwnd":	720313,
					"rtt":	207556,
					"rttvar":	23152,
					"pmtu":	65535,
					"omitted":	false,
					"sender":	true
				}],
			"sum":	{
				"start":	1.004005,
				"end":	2.004004,
				"seconds":	0.99999898672103882,
				"bytes":	3932160,
				"bits_per_second":	31457311.8750323,
				"retransmits":	0,
				"omitted":	false,
				"sender":	true
			}
		}, {
			"streams":	[{
					"socket":	5,
					"start":	2.004004,
					"end":	3.004005,
					"seconds":	1.0000009536743164,
					"bytes":	2621440,
					"bits_per_second":	20971500.000019073,
					"retransmits":	0,
					"snd_cwnd":	785796,
					"rtt":	209865,
					"rttvar":	30375,
					"pmtu":	65535,
					"omitted":	false,
					"sender":	true
				}],
			"sum":	{
				"start":	2.004004,
				"end":	3.004005,
				"seconds":	1.0000009536743164,
				"bytes":	2621440,
				"bits_per_second":	20971500.000019073,
				"retransmits":	0,
				"omitted":	false,
				"sender":	true
			}
		}, {
			"streams":	[{
					"socket":	5,
					"start":	3.004005,
					"end":	4.004051,
					"seconds":	1.0000460147857666,
					"bytes":	3932160,
					"bits_per_second":	31455832.566603336,
					"retransmits":	0,
					"snd_cwnd":	523864,
					"rtt":	138385,
					"rttvar":	31192,
					"pmtu":	65535,
					"omitted":	false,
					"sender":	true
				}],
			"sum":	{
				"start":	3.004005,
				"end":	4.004051,
				"seconds":	1.0000460147857666,
				"bytes":	3932160,
				"bits_per_second":	31455832.566603336,
				"retransmits":	0,
				"omitted":	false,
				"sender":	true
			}
		}, {
			"streams":	[{
					"socket":	5,
					"start":	4.004051,
					"end":	5.004058,
					"seconds":	1.0000070333480835,
					"bytes":	3932160,
					"bits_per_second":	31457058.751556117,
					"retransmits":	0,
					"snd_cwnd":	261932,
					"rtt":	180838,
					"rttvar":	21338,
					"pmtu":	65535,
					"omitted":	false,
					"sender":	true
				}],
			"sum":	{
				"start":	4.004051,
				"end":	5.004058,
				"seconds":	1.0000070333480835,
				"bytes":	3932160,
				"bits_per_second":	31457058.751556117,
				"retransmits":	0,
				"omitted":	false,
				"sender":	true
			}
		}, {
			"streams":	[{
					"socket":	5,
					"start":	5.004058,
					"end":	6.003993,
					"seconds":	0.99993497133255,
					"bytes":	3932160,
					"bits_per_second":	31459325.758032918,
					"retransmits":	0,
					"snd_cwnd":	589347,
					"rtt":	125505,
					"rttvar":	10558,
					"pmtu":	65535,
					"omitted":	false,
					"sender":	true
				}],
			"sum":	{
				"start":	5.004058,
				"end":	6.003993,
				"seconds":	0.99993497133255,
				"bytes":	3932160,
				"bits_per_second":	31459325.758032918,
				"retransmits":	0,
				"omitted":	false,
				"sender":	true
			}
		}, {
			"streams":	[{
					"socket":	5,
					"start":	6.003993,
					"end":	7.004003,
					"seconds":	1.0000100135803223,
					"bytes":	2621440,
					"bits_per_second":	20971310.00210283,
					"retransmits":	0,
					"snd_cwnd":	523864,
					"rtt":	127959,
					"rttvar":	9696,
					"pmtu":	65535,
					"omitted":	false,
					"sender":	true
				}],
			"sum":	{
				"start":	6.003993,
				"end":	7.004003,
				"seconds":	1.0000100135803223,
				"bytes":	2621440,
				"bits_per_second":	20971310.00210283,
				"retransmits":	0,
				"omitted":	false,
				"sender":	true
			}
		}, {
			"streams":	[{
					"socket":	5,
					"start":	7.004003,
					"end":	8.003998,
					"seconds":	0.999994993209839,
					"bytes":	3932160,
					"bits_per_second":	31457437.500788573,
					"retransmits":	0,
					"snd_cwnd":	458381,
					"rtt":	151356,
					"rttvar":	28858,
					"pmtu":	65535,
					"omitted":	false,
					"sender":	true
				}],
			"sum":	{
				"start":	7.004003,
				"end":	8.003998,
				"seconds":	0.999994993209839,
				"bytes":	3932160,
				"bits_per_second":	31457437.500788573,
				"retransmits":	0,
				"omitted":	false,
				"sender":	true
			}
		}, {
			"streams":	[{
					"socket":	5,
					"start":	8.003998,
					"end":	9.00403,
					"seconds":	1.0000319480895996,
					"bytes":	3932160,
					"bits_per_second":	31456275.032106806,
					"retransmits":	0,
					"snd_cwnd":	720313,
					"rtt":	162139,
					"rttvar":	25619,
					"pmtu":	65535,
					"omitted":	false,
					"sender":	true
				}],
			"sum":	{
				"start":	8.003998,
				"end":	9.00403,
				"seconds":	1.0000319480895996,
				"bytes":	3932160,
				"bits_per_second":	31456275.032106806,
				"retransmits":	0,
				"omitted":	false,
				"sender":	true
			}
		}, {
			"streams":	[{
					"socket":	5,
					"start":	9.00403,
					"end":	10.004004,
					"seconds":	0.999974012374878,
					"bytes":	3932160,
					"bits_per_second":	31458097.521245435,
					"retransmits":	0,
					"snd_cwnd":	785796,
					"rtt":	160464,
					"rttvar":	16365,
					"pmtu":	65535,
					"omitted":	false,
					"sender":	true
				}],
			"sum":	{
				"start":	9.00403,
				"end":	10.004004,
				"seconds":	0.999974012374878,
				"bytes":	3932160,
				"bits_per_second":	31458097.521245435,
				"retransmits":	0,
				"omitted":	false,
				"sender":	true
			}
		}, {
			"streams":	[{
					"socket":	5,
					"start":	10.004004,
					"end":	11.004005,
					"seconds":	1.0000009536743164,
					"bytes":	2621440,
					"bits_per_second":	20971500.000019073,
					"retransmits":	0,
					"snd_cwnd":	785796,
					"rtt":	127067,
					"rttvar":	44832,
					"pmtu":	65535,
					"omitted":	false,
					"sender":	true
				}],
			"sum":	{
				"start":	10.004004,
				"end":	11.004005,
				"seconds":	1.0000009536743164,
				"bytes":	2621440,
				"bits_per_second":	20971500.000019073,
				"retransmits":	0,
				"omitted":	false,
				"sender":	true
			}
		}, {
			"streams":	[{
					"socket":	5,
					"start":	11.004005,
					"end":	12.004085,
					"seconds":	1.0000799894332886,
					"bytes":	3932160,
					"bits_per_second":	31454763.951257315,
					"retransmits":	0,
					"snd_cwnd":	851279,
					"rtt":	202855,
					"rttvar":	6821,
					"pmtu":	65535,
					"omitted":	false,
					"sender":	true
				}],
			"sum":	{
				"start":	11.004005,
				"end":	12.004085,
				"seconds":	1.0000799894332886,
				"bytes":	3932160,
				"bits_per_second":	31454763.951257315,
				"retransmits":	0,
				"omitted":	false,
				"sender":	true
			}
		}, {
			"streams":	[{
					"socket":	5,
					"start":	12.004085,
					"end":	13.004112,
					"seconds":	1.0000269412994385,
					"bytes":	3932160,
					"bits_per_second":	31456432.522832137,
					"retransmits":	0,
					"snd_cwnd":	720313,
					"rtt":	219319,
					"rttvar":	13741,
					"pmtu":	65535,
					"omitted":	false,