{
	"start":	{
		"connected":	[{
				"socket":	5,
				"local_host":	"127.0.0.1",
				"local_port":	37896,
				"remote_host":	"127.0.0.1",
				"remote_port":	25001
			}],
		"version":	"iperf 3.9",
		"system_info":	"Linux (none) 6.13.7+ #4 Sun Apr 19 22:29:55 UTC 2026 x86_64",
		"timestamp":	{
			"time":	"Sun, 19 Apr 2026 22:36:06 GMT",
			"timesecs":	1776638166
		},
		"connecting_to":	{
			"host":	"127.0.0.1",
			"port":	25001
		},
		"cookie":	"nmko3gpckemahvdfwqwtg7pwggetjh7rwpip",
		"tcp_mss_default":	32741,
		"sock_bufsize":	0,
		"sndbuf_actual":	16384,
		"rcvbuf_actual":	131072,
		"test_start":	{
			"protocol":	"TCP",
			"num_streams":	1,
			"blksize":	131072,
			"omit":	0,
			"duration":	30,
			"bytes":	0,
			"blocks":	0,
			"reverse":	0,
			"tos":	0
		}
	},
	"intervals":	[{
			"streams":	[{
					"socket":	5,
					"start":	0,
					"end":	1.003928,
					"seconds":	1.0039279460906982,
					"bytes":	3932160,
					"bits_per_second":	31334200.947881617,
					"retransmits":	2,
					"snd_cwnd":	1309660,
					"rtt":	180502,
					"rttvar":	142111,
					"pmtu":	65535,
					"omitted":	false,
					"sender":	true
				}],
			"sum":	{
				"start":	0,
				"end":	1.003928,
				"seconds":	1.0039279460906982,
				"bytes":	3932160,
				"bits_per_second":	31334200.947881617,
				"retransmits":	2,
				"omitted":	false,
				"sender":	true
			}
		}, {
			"streams":	[{
					"socket":	5,
					"start":	1.003928,
					"end":	2.004304,
					"seconds":	1.0003759860992432,
					"bytes":	1310720,
					"bits_per_second":	10481818.981768072,
					"retransmits":	0,
					"snd_cwnd":	1309660,
					"rtt":	642536,
					"rttvar":	36134,
					"pmtu":	65535,
					"omitted":	false,
					"sender":	true
				}],
			"sum":	{
				"start":	1.003928,
				"end":	2.004304,
				"seconds":	1.0003759860992432,
				"bytes":	1310720,
				"bits_per_second":	10481818.981768072,
				"retransmits":	0,
				"omitted":	false,
				"sender":	true
			}
		}, {
			"streams":	[{
					"socket":	5,
					"start":	2.004304,
					"end":	3.003866,
					"seconds":	0.99956202507019043,
					"bytes":	1310720,
					"bits_per_second":	10490354.512281194,
					"retransmits":	0,
					"snd_cwnd":	589347,
					"rtt":	666895,
					"rttvar":	48429,
					"pmtu":	65535,
					"omitted":	false,
					"sender":	true
				}],
			"sum":	{
				"start":	2.004304,
				"end":	3.003866,
				"seconds":	0.99956202507019043,
				"bytes":	1310720,
				"bits_per_second":	10490354.512281194,
				"retransmits":	0,
				"omitted":	false,
				"sender":	true
			}
		}, {
			"streams":	[{
					"socket":	5,
					"start":	3.003866,
					"end":	4.003757,
					"seconds":	0.99989098310470581,
					"bytes":	1310720,
					"bits_per_second":	10486903.249633526,
					"retransmits":	0,
					"snd_cwnd":	589347,
					"rtt":	642341,
					"rttvar":	82292,
					"pmtu":	65535,
					"omitted":	false,
					"sender":	true
				}],
			"sum":	{
				"start":	3.003866,
				"end":	4.003757,
				"seconds":	0.99989098310470581,
				"bytes":	1310720,
				"bits_per_second":	10486903.249633526,
				"retransmits":	0,
				"omitted":	false,
				"sender":	true
			}
		}, {
			"streams":	[{
					"socket":	5,
					"start":	4.003757,
					"end":	5.003804,
					"seconds":	1.000046968460083,
					"bytes":	1310720,
					"bits_per_second":	10485267.523130881,
					"retransmits":	0,
					"snd_cwnd":	589347,
					"rtt":	512577,
					"rttvar":	58599,
					"pmtu":	65535,
					"omitted":	false,
					"sender":	true
				}],
			"sum":	{
				"start":	4.003757,
				"end":	5.003804,
				"seconds":	1.000046968460083,
				"bytes":	1310720,
				"bits_per_second":	10485267.523130881,
				"retransmits":	0,
				"omitted":	false,
				"sender":	true
			}
		}, {
			"streams":	[{
					"socket":	5,
					"start":	5.003804,
					"end":	6.003772,
					"seconds":	0.99996799230575562,
					"bytes":	1310720,
					"bits_per_second":	10486095.635742927,
					"retransmits":	0,
					"snd_cwnd":	589347,
					"rtt":	371867,
					"rttvar":	73365,
					"pmtu":	65535,
					"omitted":	false,
					"sender":	true
				}],
			"sum":	{
				"start":	5.003804,
				"end":	6.003772,
				"seconds":	0.99996799230575562,
				"bytes":	1310720,
				"bits_per_second":	10486095.635742927,
				"retransmits":	0,
				"omitted":	false,
				"sender":	true
			}
		}, {
			"streams":	[{
					"socket":	5,
					"start":	6.003772,
					"end":	7.003836,
					"seconds":	1.0000640153884888,
					"bytes":	1310720,
					"bits_per_second":	10485088.792967578,
					"retransmits":	0,
					"snd_cwnd":	589347,
					"rtt":	475860,
					"rttvar":	68158,
					"pmtu":	65535,
					"omitted":	false,
					"sender":	true
				}],
			"sum":	{
				"start":	6.003772,
				"end":	7.003836,
				"seconds":	1.0000640153884888,
				"bytes":	1310720,
				"bits_per_second":	10485088.792967578,
				"retransmits":	0,
				"omitted":	false,
				"sender":	true
			}
		}, {
			"streams":	[{
					"socket":	5,
					"start":	7.003836,
					"end":	8.003937,
					"seconds":	1.0001009702682495,
					"bytes":	0,
					"bits_per_second":	0,
					"retransmits":	0,
					"snd_cwnd":	589347,
					"rtt":	470512,
					"rttvar":	42589,
					"pmtu":	65535,
					"omitted":	false,
					"sender":	true
				}],
			"sum":	{
				"start":	7.003836,
				"end":	8.003937,
				"seconds":	1.0001009702682495,
				"bytes":	0,
				"bits_per_second":	0,
				"retransmits":	0,
				"omitted":	false,
				"sender":	true
			}
		}, {
			"streams":	[{
					"socket":	5,
					"start":	8.003937,
					"end":	9.003759,
					"seconds":	0.99982202053070068,
					"bytes":	1310720,
					"bits_per_second":	10487626.582213312,
					"retransmits":	0,
					"snd_cwnd":	654830,
					"rtt":	551441,
					"rttvar":	103854,
					"pmtu":	65535,
					"omitted":	false,
					"sender":	true
				}],
			"sum":	{
				"start":	8.003937,
				"end":	9.003759,
				"seconds":	0.99982202053070068,
				"bytes":	1310720,
				"bits_per_second":	10487626.582213312,
				"retransmits":	0,
				"omitted":	false,
				"sender":	true
			}
		}, {
			"streams":	[{
					"socket":	5,
					"start":	9.003759,
					"end":	10.003775,
					"seconds":	1.0000159740448,
					"bytes":	1310720,
					"bits_per_second":	10485592.50267561,
					"retransmits":	0,
					"snd_cwnd":	654830,
					"rtt":	546041,
					"rttvar":	20087,
					"pmtu":	65535,
					"omitted":	false,
					"sender":	true
				}],
			"sum":	{
				"start":	9.003759,
				"end":	10.003775,
				"seconds":	1.0000159740448,
				"bytes":	1310720,
				"bits_per_second":	10485592.50267561,
				"retransmits":	0,
				"omitted":	false,
				"sender":	true
			}
		}, {
			"streams":	[{
					"socket":	5,
					"start":	10.003775,
					"end":	11.003742,
					"seconds":	0.99996697902679443,
					"bytes":	1310720,
					"bits_per_second":	10486106.26143389,
					"retransmits":	0,
					"snd_cwnd":	261932,
					"rtt":	636273,
					"rttvar":	142800,
					"pmtu":	65535,
					"omitted":	false,
					"sender":	true
				}],
			"sum":	{
				"start":	10.003775,
				"end":	11.003742,
				"seconds":	0.99996697902679443,
				"bytes":	1310720,
				"bits_per_second":	10486106.26143389,
				"retransmits":	0,
				"omitted":	false,
				"sender":	true
			}
		}, {
			"streams":	[{
					"socket":	5,
					"start":	11.003742,
					"end":	12.003767,
					"seconds":	1.0000250339508057,
					"bytes":	1310720,
					"bits_per_second":	10485497.506571248,
					"retransmits":	0,
					"snd_cwnd":	523864,
					"rtt":	587107,
					"rttvar":	198107,
					"pmtu":	65535,
					"omitted":	false,
					"sender":	true
				}],
			"sum":	{
				"start":	11.003742,
				"end":	12.003767,
				"seconds":	1.0000250339508057,
				"bytes":	1310720,
				"bits_per_second":	10485497.506571248,
				"retransmits":	0,
				"omitted":	false,
				"sender":	true
			}
		}, {
			"streams":	[{
					"socket":	5,
					"start":	12.003767,
					"end":	13.003729,
					"seconds":	0.9999619722366333,
					"bytes":	1310720,
					"bits_per_second":	10486158.765164148,
					"retransmits":	0,
					"snd_cwnd":	523864,
					"rtt":	483294,
					"rttvar":	76043,
					"pmtu":	65535,
					"omitted":	false,