{
	"start":	{
		"connected":	[{
				"socket":	5,
				"local_host":	"127.0.0.1",
				"local_port":	60900,
				"remote_host":	"127.0.0.1",
				"remote_port":	25001
			}],
		"version":	"iperf 3.9",
		"system_info":	"Linux (none) 6.13.7+ #4 Sun Apr 19 22:29:55 UTC 2026 x86_64",
		"timestamp":	{
			"time":	"Sun, 19 Apr 2026 22:40:56 GMT",
			"timesecs":	1776638456
		},
		"connecting_to":	{
			"host":	"127.0.0.1",
			"port":	25001
		},
		"cookie":	"4dyw7zhejphva7egk6xopp3f7fdkgi6ynb34",
		"tcp_mss_default":	32741,
		"sock_bufsize":	0,
		"sndbuf_actual":	16384,
		"rcvbuf_actual":	131072,
		"test_start":	{
			"protocol":	"TCP",
			"num_streams":	1,
			"blksize":	131072,
			"omit":	0,
			"duration":	30,
			"bytes":	0,
			"blocks":	0,
			"reverse":	0,
			"tos":	0
		}
	},
	"intervals":	[{
			"streams":	[{
					"socket":	5,
					"start":	0,
					"end":	1.004151,
					"seconds":	1.0041509866714478,
					"bytes":	9175040,
					"bits_per_second":	73096895.759976134,
					"retransmits":	1,
					"snd_cwnd":	720313,
					"rtt":	133341,
					"rttvar":	17694,
					"pmtu":	65535,
					"omitted":	false,
					"sender":	true
				}],
			"sum":	{
				"start":	0,
				"end":	1.004151,
				"seconds":	1.0041509866714478,
				"bytes":	9175040,
				"bits_per_second":	73096895.759976134,
				"retransmits":	1,
				"omitted":	false,
				"sender":	true
			}
		}, {
			"streams":	[{
					"socket":	5,
					"start":	1.004151,
					"end":	2.004605,
					"seconds":	1.0004539489746094,
					"bytes":	5242880,
					"bits_per_second":	41924008.6392667,
					"retransmits":	0,
					"snd_cwnd":	916762,
					"rtt":	151794,
					"rttvar":	12363,
					"pmtu":	65535,
					"omitted":	false,
					"sender":	true
				}],
			"sum":	{
				"start":	1.004151,
				"end":	2.004605,
				"seconds":	1.0004539489746094,
				"bytes":	5242880,
				"bits_per_second":	41924008.6392667,
				"retransmits":	0,
				"omitted":	false,
				"sender":	true
			}
		}, {
			"streams":	[{
					"socket":	5,
					"start":	2.004605,
					"end":	3.004091,
					"seconds":	0.99948602914810181,
					"bytes":	6553600,
					"bits_per_second":	52455760.7320304,
					"retransmits":	0,
					"snd_cwnd":	589347,
					"rtt":	97596,
					"rttvar":	12429,
					"pmtu":	65535,
					"omitted":	false,
					"sender":	true
				}],
			"sum":	{
				"start":	2.004605,
				"end":	3.004091,
				"seconds":	0.99948602914810181,
				"bytes":	6553600,
				"bits_per_second":	52455760.7320304,
				"retransmits":	0,
				"omitted":	false,
				"sender":	true
			}
		}, {
			"streams":	[{
					"socket":	5,
					"start":	3.004091,
					"end":	4.004018,
					"seconds":	0.99992698431015,
					"bytes":	6553600,
					"bits_per_second":	52432628.4045336,
					"retransmits":	0,
					"snd_cwnd":	589347,
					"rtt":	101737,
					"rttvar":	7833,
					"pmtu":	65535,
					"omitted":	false,
					"sender":	true
				}],
			"sum":	{
				"start":	3.004091,
				"end":	4.004018,
				"seconds":	0.99992698431015,
				"bytes":	6553600,
				"bits_per_second":	52432628.4045336,
				"retransmits":	0,
				"omitted":	false,
				"sender":	true
			}
		}, {
			"streams":	[{
					"socket":	5,
					"start":	4.004018,
					"end":	5.00403,
					"seconds":	1.0000120401382446,
					"bytes":	5242880,
					"bits_per_second":	41942535.0060802,
					"retransmits":	0,
					"snd_cwnd":	261932,
					"rtt":	72735,
					"rttvar":	5379,
					"pmtu":	65535,
					"omitted":	false,
					"sender":	true
				}],
			"sum":	{
				"start":	4.004018,
				"end":	5.00403,
				"seconds":	1.0000120401382446,
				"bytes":	5242880,
				"bits_per_second":	41942535.0060802,
				"retransmits":	0,
				"omitted":	false,
				"sender":	true
			}
		}, {
			"streams":	[{
					"socket":	5,
					"start":	5.00403,
					"end":	6.004058,
					"seconds":	1.0000280141830444,
					"bytes":	6553600,
					"bits_per_second":	52427331.291144677,
					"retransmits":	0,
					"snd_cwnd":	392898,
					"rtt":	73790,
					"rttvar":	9694,
					"pmtu":	65535,
					"omitted":	false,
					"sender":	true
				}],
			"sum":	{
				"start":	5.00403,
				"end":	6.004058,
				"seconds":	1.0000280141830444,
				"bytes":	6553600,
				"bits_per_second":	52427331.291144677,
				"retransmits":	0,
				"omitted":	false,
				"sender":	true
			}
		}, {
			"streams":	[{
					"socket":	5,
					"start":	6.004058,
					"end":	7.004011,
					"seconds":	0.99995297193527222,
					"bytes":	5242880,
					"bits_per_second":	41945012.592767224,
					"retransmits":	0,
					"snd_cwnd":	458381,
					"rtt":	79945,
					"rttvar":	8091,
					"pmtu":	65535,
					"omitted":	false,
					"sender":	true
				}],
			"sum":	{
				"start":	6.004058,
				"end":	7.004011,
				"seconds":	0.99995297193527222,
				"bytes":	5242880,
				"bits_per_second":	41945012.592767224,
				"retransmits":	0,
				"omitted":	false,
				"sender":	true
			}
		}, {
			"streams":	[{
					"socket":	5,
					"start":	7.004011,
					"end":	8.003999,
					"seconds":	0.9999880194664,
					"bytes":	6553600,
					"bits_per_second":	52429428.132525362,
					"retransmits":	0,
					"snd_cwnd":	589347,
					"rtt":	71956,
					"rttvar":	4878,
					"pmtu":	65535,
					"omitted":	false,
					"sender":	true
				}],
			"sum":	{
				"start":	7.004011,
				"end":	8.003999,
				"seconds":	0.9999880194664,
				"bytes":	6553600,
				"bits_per_second":	52429428.132525362,
				"retransmits":	0,
				"omitted":	false,
				"sender":	true
			}
		}, {
			"streams":	[{
					"socket":	5,
					"start":	8.003999,
					"end":	9.000371,
					"seconds":	0.99637198448181152,
					"bytes":	6553600,
					"bits_per_second":	52619705.106689572,
					"retransmits":	0,
					"snd_cwnd":	458381,
					"rtt":	91091,
					"rttvar":	13527,
					"pmtu":	65535,
					"omitted":	false,
					"sender":	true
				}],
			"sum":	{
				"start":	8.003999,
				"end":	9.000371,
				"seconds":	0.99637198448181152,
				"bytes":	6553600,
				"bits_per_second":	52619705.106689572,
				"retransmits":	0,
				"omitted":	false,
				"sender":	true
			}
		}, {
			"streams":	[{
					"socket":	5,
					"start":	9.000371,
					"end":	10.00405,
					"seconds":	1.0036790370941162,
					"bytes":	5242880,
					"bits_per_second":	41789295.6312357,
					"retransmits":	0,
					"snd_cwnd":	654830,
					"rtt":	76899,
					"rttvar":	7650,
					"pmtu":	65535,
					"omitted":	false,
					"sender":	true
				}],
			"sum":	{
				"start":	9.000371,
				"end":	10.00405,
				"seconds":	1.0036790370941162,
				"bytes":	5242880,
				"bits_per_second":	41789295.6312357,
				"retransmits":	0,
				"omitted":	false,
				"sender":	true
			}
		}, {
			"streams":	[{
					"socket":	5,
					"start":	10.00405,
					"end":	11.003996,
					"seconds":	0.9999459981918335,
					"bytes":	6553600,
					"bits_per_second":	52431631.402900875,
					"retransmits":	0,
					"snd_cwnd":	589347,
					"rtt":	68140,
					"rttvar":	8035,
					"pmtu":	65535,
					"omitted":	false,
					"sender":	true
				}],
			"sum":	{
				"start":	10.00405,
				"end":	11.003996,
				"seconds":	0.9999459981918335,
				"bytes":	6553600,
				"bits_per_second":	52431631.402900875,
				"retransmits":	0,
				"omitted":	false,
				"sender":	true
			}
		}, {
			"streams":	[{
					"socket":	5,
					"start":	11.003996,
					"end":	12.004001,
					"seconds":	1.0000050067901611,
					"bytes":	5242880,
					"bits_per_second":	41942830.001051418,
					"retransmits":	0,
					"snd_cwnd":	851279,
					"rtt":	128114,
					"rttvar":	14168,
					"pmtu":	65535,
					"omitted":	false,
					"sender":	true
				}],
			"sum":	{
				"start":	11.003996,
				"end":	12.004001,
				"seconds":	1.0000050067901611,
				"bytes":	5242880,
				"bits_per_second":	41942830.001051418,
				"retransmits":	0,
				"omitted":	false,
				"sender":	true
			}
		}, {
			"streams":	[{
					"socket":	5,
					"start":	12.004001,
					"end":	13.004005,
					"seconds":	1.0000040531158447,
					"bytes":	6553600,
					"bits_per_second":	52428587.500861287,
					"retransmits":	0,
					"snd_cwnd":	785796,
					"rtt":	107720,
					"rttvar":	7593,
					"pmtu":	65535,
					"omitted":	false,
					"sender":	true
				}],