{
	"start":	{
		"connected":	[{
				"socket":	5,
				"local_host":	"127.0.0.1",
				"local_port":	50050,
				"remote_host":	"127.0.0.1",
				"remote_port":	25001
			}],
		"version":	"iperf 3.9",
		"system_info":	"Linux (none) 6.13.7+ #4 Sun Apr 19 22:29:55 UTC 2026 x86_64",
		"timestamp":	{
			"time":	"Sun, 19 Apr 2026 22:42:18 GMT",
			"timesecs":	1776638538
		},
		"connecting_to":	{
			"host":	"127.0.0.1",
			"port":	25001
		},
		"cookie":	"l4aeocfqzar2oprg2p3gdoaun6mhkt3c3mss",
		"tcp_mss_default":	32741,
		"sock_bufsize":	0,
		"sndbuf_actual":	16384,
		"rcvbuf_actual":	131072,
		"test_start":	{
			"protocol":	"TCP",
			"num_streams":	1,
			"blksize":	131072,
			"omit":	0,
			"duration":	30,
			"bytes":	0,
			"blocks":	0,
			"reverse":	0,
			"tos":	0
		}
	},
	"intervals":	[{
			"streams":	[{
					"socket":	5,
					"start":	0,
					"end":	1.004122,
					"seconds":	1.0041220188140869,
					"bytes":	7864320,
					"bits_per_second":	62656289.5954666,
					"retransmits":	1,
					"snd_cwnd":	982245,
					"rtt":	176881,
					"rttvar":	15691,
					"pmtu":	65535,
					"omitted":	false,
					"sender":	true
				}],
			"sum":	{
				"start":	0,
				"end":	1.004122,
				"seconds":	1.0041220188140869,
				"bytes":	7864320,
				"bits_per_second":	62656289.5954666,
				"retransmits":	1,
				"omitted":	false,
				"sender":	true
			}
		}, {
			"streams":	[{
					"socket":	5,
					"start":	1.004122,
					"end":	2.004002,
					"seconds":	0.999880015850067,
					"bytes":	3932160,
					"bits_per_second":	31461054.82791952,
					"retransmits":	0,
					"snd_cwnd":	851279,
					"rtt":	169631,
					"rttvar":	14389,
					"pmtu":	65535,
					"omitted":	false,
					"sender":	true
				}],
			"sum":	{
				"start":	1.004122,
				"end":	2.004002,
				"seconds":	0.999880015850067,
				"bytes":	3932160,
				"bits_per_second":	31461054.82791952,
				"retransmits":	0,
				"omitted":	false,
				"sender":	true
			}
		}, {
			"streams":	[{
					"socket":	5,
					"start":	2.004002,
					"end":	3.004049,
					"seconds":	1.000046968460083,
					"bytes":	5242880,
					"bits_per_second":	41941070.092523523,
					"retransmits":	0,
					"snd_cwnd":	916762,
					"rtt":	200315,
					"rttvar":	24742,
					"pmtu":	65535,
					"omitted":	false,
					"sender":	true
				}],
			"sum":	{
				"start":	2.004002,
				"end":	3.004049,
				"seconds":	1.000046968460083,
				"bytes":	5242880,
				"bits_per_second":	41941070.092523523,
				"retransmits":	0,
				"omitted":	false,
				"sender":	true
			}
		}, {
			"streams":	[{
					"socket":	5,
					"start":	3.004049,
					"end":	4.00403,
					"seconds":	0.99998098611831665,
					"bytes":	5242880,
					"bits_per_second":	41943837.515163861,
					"retransmits":	0,
					"snd_cwnd":	851279,
					"rtt":	147384,
					"rttvar":	5797,
					"pmtu":	65535,
					"omitted":	false,
					"sender":	true
				}],
			"sum":	{
				"start":	3.004049,
				"end":	4.00403,
				"seconds":	0.99998098611831665,
				"bytes":	5242880,
				"bits_per_second":	41943837.515163861,
				"retransmits":	0,
				"omitted":	false,
				"sender":	true
			}
		}, {
			"streams":	[{
					"socket":	5,
					"start":	4.00403,
					"end":	5.004003,
					"seconds":	0.99997299909591675,
					"bytes":	3932160,
					"bits_per_second":	31458129.397934511,
					"retransmits":	0,
					"snd_cwnd":	261932,
					"rtt":	130107,
					"rttvar":	10534,
					"pmtu":	65535,
					"omitted":	false,
					"sender":	true
				}],
			"sum":	{
				"start":	4.00403,
				"end":	5.004003,
				"seconds":	0.99997299909591675,
				"bytes":	3932160,
				"bits_per_second":	31458129.397934511,
				"retransmits":	0,
				"omitted":	false,
				"sender":	true
			}
		}, {
			"streams":	[{
					"socket":	5,
					"start":	5.004003,
					"end":	6.004,
					"seconds":	0.99999701976776123,
					"bytes":	5242880,
					"bits_per_second":	41943165.000372529,
					"retransmits":	0,
					"snd_cwnd":	654830,
					"rtt":	103095,
					"rttvar":	23265,
					"pmtu":	65535,
					"omitted":	false,
					"sender":	true
				}],
			"sum":	{
				"start":	5.004003,
				"end":	6.004,
				"seconds":	0.99999701976776123,
				"bytes":	5242880,
				"bits_per_second":	41943165.000372529,
				"retransmits":	0,
				"omitted":	false,
				"sender":	true
			}
		}, {
			"streams":	[{
					"socket":	5,
					"start":	6.004,
					"end":	7.004015,
					"seconds":	1.0000150203704834,
					"bytes":	5242880,
					"bits_per_second":	41942410.0094627,
					"retransmits":	0,
					"snd_cwnd":	720313,
					"rtt":	86918,
					"rttvar":	3557,
					"pmtu":	65535,
					"omitted":	false,
					"sender":	true
				}],
			"sum":	{
				"start":	6.004,
				"end":	7.004015,
				"seconds":	1.0000150203704834,
				"bytes":	5242880,
				"bits_per_second":	41942410.0094627,
				"retransmits":	0,
				"omitted":	false,
				"sender":	true
			}
		}, {
			"streams":	[{
					"socket":	5,
					"start":	7.004015,
					"end":	8.004007,
					"seconds":	0.9999920129776,
					"bytes":	3932160,
					"bits_per_second":	31457531.252006754,
					"retransmits":	0,
					"snd_cwnd":	654830,
					"rtt":	113459,
					"rttvar":	22179,
					"pmtu":	65535,
					"omitted":	false,
					"sender":	true
				}],
			"sum":	{
				"start":	7.004015,
				"end":	8.004007,
				"seconds":	0.9999920129776,
				"bytes":	3932160,
				"bits_per_second":	31457531.252006754,
				"retransmits":	0,
				"omitted":	false,
				"sender":	true
			}
		}, {
			"streams":	[{
					"socket":	5,
					"start":	8.004007,
					"end":	9.004002,
					"seconds":	0.999994993209839,
					"bytes":	5242880,
					"bits_per_second":	41943250.001051433,
					"retransmits":	0,
					"snd_cwnd":	589347,
					"rtt":	112192,
					"rttvar":	17032,
					"pmtu":	65535,
					"omitted":	false,
					"sender":	true
				}],
			"sum":	{
				"start":	8.004007,
				"end":	9.004002,
				"seconds":	0.999994993209839,
				"bytes":	5242880,
				"bits_per_second":	41943250.001051433,
				"retransmits":	0,
				"omitted":	false,
				"sender":	true
			}
		}, {
			"streams":	[{
					"socket":	5,
					"start":	9.004002,
					"end":	10.004019,
					"seconds":	1.0000170469284058,
					"bytes":	5242880,
					"bits_per_second":	41942325.012188345,
					"retransmits":	0,
					"snd_cwnd":	720313,
					"rtt":	112659,
					"rttvar":	17134,
					"pmtu":	65535,
					"omitted":	false,
					"sender":	true
				}],
			"sum":	{
				"start":	9.004002,
				"end":	10.004019,
				"seconds":	1.0000170469284058,
				"bytes":	5242880,
				"bits_per_second":	41942325.012188345,
				"retransmits":	0,
				"omitted":	false,
				"sender":	true
			}
		}, {
			"streams":	[{
					"socket":	5,
					"start":	10.004019,
					"end":	11.004053,
					"seconds":	1.000033974647522,
					"bytes":	3932160,
					"bits_per_second":	31456211.286309171,
					"retransmits":	0,
					"snd_cwnd":	851279,
					"rtt":	130773,
					"rttvar":	32245,
					"pmtu":	65535,
					"omitted":	false,
					"sender":	true
				}],
			"sum":	{
				"start":	10.004019,
				"end":	11.004053,
				"seconds":	1.000033974647522,
				"bytes":	3932160,
				"bits_per_second":	31456211.286309171,
				"retransmits":	0,
				"omitted":	false,
				"sender":	true
			}
		}, {
			"streams":	[{
					"socket":	5,
					"start":	11.004053,
					"end":	12.004034,
					"seconds":	0.99998098611831665,
					"bytes":	5242880,
					"bits_per_second":	41943837.515163861,
					"retransmits":	0,
					"snd_cwnd":	654830,
					"rtt":	84700,
					"rttvar":	13528,
					"pmtu":	65535,
					"omitted":	false,
					"sender":	true
				}],
			"sum":	{
				"start":	11.004053,
				"end":	12.004034,
				"seconds":	0.99998098611831665,
				"bytes":	5242880,
				"bits_per_second":	41943837.515163861,
				"retransmits":	0,
				"omitted":	false,
				"sender":	true
			}
		}, {
			"streams":	[{
					"socket":	5,
					"start":	12.004034,
					"end":	13.004009,
					"seconds":	0.999975025653839,
					"bytes":	5242880,
					"bits_per_second":	41944087.526161283,
					"retransmits":	0,
					"snd_cwnd":	654830,
					"rtt":	157086,
					"rttvar":	11557,
					"pmtu":	65535,
					"omitted":	false,